name,hand_vectorized_iterations,hand_vectorized_real_time,hand_vectorized_cpu_time,hand_vectorized_time_unit,hand_vectorized_items_per_second,llvm_auto_iterations,llvm_auto_real_time,llvm_auto_cpu_time,llvm_auto_time_unit,llvm_auto_items_per_second,scalar_iterations,scalar_real_time,scalar_cpu_time,scalar_time_unit,scalar_items_per_second,case,size,type
Sum(Random),371708,1846.22,1843.23,ns,1.42224e+11,224323,3147.64,3131.72,ns,8.37083e+10,225737,3120.12,3114.52,ns,8.41706e+10,Random,262151,bool
Sum(AllFalse),376707,1864.42,1861.26,ns,1.40846e+11,220619,3088.46,3082.72,ns,8.50388e+10,225086,3169.51,3163.37,ns,8.28709e+10,AllFalse,262151,bool
Sum(AllTrue),379758,1845.68,1842.42,ns,1.42286e+11,229235,3039.71,3034.34,ns,8.63948e+10,222075,3127.07,3120.04,ns,8.40217e+10,AllTrue,262151,bool
Sum(Sparse),380070,1842.9,1839.94,ns,1.42478e+11,232077,3021.63,3014.99,ns,8.69493e+10,227461,3047.77,3040.72,ns,8.62135e+10,Sparse,262151,bool
Product(Random),380346,1883.07,1879.96,ns,1.39445e+11,232045,3012.41,3007.62,ns,8.71623e+10,230495,3088.92,3082.84,ns,8.50354e+10,Random,262151,bool
Product(AllFalse),371918,1871.62,1868.55,ns,1.40296e+11,232862,3014.84,3009.44,ns,8.71095e+10,231024,3041.51,3034.32,ns,8.63952e+10,AllFalse,262151,bool
Product(AllTrue),375085,1852.46,1849.12,ns,1.4177e+11,232673,3015.59,3010.73,ns,8.70721e+10,230278,3046.82,3041.53,ns,8.61906e+10,AllTrue,262151,bool
Product(Sparse),378746,1853.92,1850.61,ns,1.41656e+11,231827,3018.28,3013.25,ns,8.69995e+10,224487,3158.32,3151.46,ns,8.31839e+10,Sparse,262151,bool
LogicalAnd(Random),192023,3657.53,3650.34,ns,7.18155e+10,205955,3394.76,3388.85,ns,7.7357e+10,185343,3569.95,3563.8,ns,7.35595e+10,Random,262151,bool
LogicalAnd(AllFalse),197471,3672.45,3664.54,ns,7.15372e+10,203901,3373.17,3367.16,ns,7.78553e+10,188064,3737.02,3730.29,ns,7.02764e+10,AllFalse,262151,bool
LogicalAnd(AllTrue),192557,3517.71,3510.93,ns,7.46672e+10,206944,3388.07,3381.18,ns,7.75323e+10,189341,3712.96,3706.02,ns,7.07365e+10,AllTrue,262151,bool
LogicalAnd(Sparse),191573,3666.96,3659.81,ns,7.16297e+10,205947,3412.38,3405.79,ns,7.69721e+10,190218,3711.02,3702.92,ns,7.07957e+10,Sparse,262151,bool
LogicalOr(Random),190068,3542.89,3535.71,ns,7.41439e+10,210323,3467.01,3460.14,ns,7.5763e+10,188660,3814.81,3807.5,ns,6.88511e+10,Random,262151,bool
LogicalOr(AllFalse),192638,3704.37,3697.96,ns,7.08906e+10,211205,3303.14,3296.81,ns,7.95166e+10,184486,3810.16,3802.88,ns,6.89349e+10,AllFalse,262151,bool
LogicalOr(AllTrue),186594,3605.5,3599.39,ns,7.28321e+10,204611,3383.74,3377.4,ns,7.76191e+10,190226,3680.16,3673.1,ns,7.13705e+10,AllTrue,262151,bool
LogicalOr(Sparse),194626,3572.61,3566.71,ns,7.34995e+10,208182,3346.52,3339.94,ns,7.84898e+10,185888,3806.08,3798.41,ns,6.9016e+10,Sparse,262151,bool
