name,hand_vectorized_iterations,hand_vectorized_real_time,hand_vectorized_cpu_time,hand_vectorized_time_unit,hand_vectorized_GFLOPS,llvm_auto_iterations,llvm_auto_real_time,llvm_auto_cpu_time,llvm_auto_time_unit,llvm_auto_GFLOPS,scalar_iterations,scalar_real_time,scalar_cpu_time,scalar_time_unit,scalar_GFLOPS,size,type
GEMM,18712406,37.3612,37.3035,ns,2.74505e+10,9290407,74.5253,74.4071,ns,1.37621e+10,9603517,73.0916,72.9479,ns,1.40374e+10,8,float
GEMM,7617281,92.1002,91.9652,ns,8.90771e+10,2264433,311.995,311.39,ns,2.63079e+10,2315560,302.752,302.186,ns,2.71092e+10,16,float
GEMM,1349993,519.331,518.597,ns,1.26372e+11,405118,1714.21,1710.29,ns,3.83186e+10,421450,1662.51,1660.05,ns,3.94783e+10,32,float
GEMM,189519,3697.34,3692.11,ns,1.42002e+11,58609,12832.9,12805.8,ns,4.09415e+10,59294,11789.6,11772.8,ns,4.45337e+10,64,float
GEMM,60038,11686.6,11668.1,ns,1.5165e+11,17157,42185.6,42077.2,ns,4.2053e+10,18393,38625.8,38570.1,ns,4.58768e+10,96,float
GEMM,25545,27449.3,27407.4,ns,1.53036e+11,7076,99454.9,99265.2,ns,4.22535e+10,7446,94306.5,94165.1,ns,4.4542e+10,128,float
GEMM,13351,53096.9,52992,ns,1.54589e+11,3669,196105,195722,ns,4.18553e+10,3820,183906,183645,ns,4.46078e+10,160,float
GEMM,6695,105183,104928,ns,1.34909e+11,1955,375846,374906,ns,3.77582e+10,2102,333733,333136,ns,4.24925e+10,192,float
GEMM,4946,141738,141497,ns,1.58864e+11,1143,561345,560077,ns,4.01353e+10,1314,534128,533097,ns,4.21666e+10,224,float
GEMM,2939,238554,238147,ns,1.40898e+11,781,883153,881157,ns,3.808e+10,846,828471,826627,ns,4.0592e+10,256,float
GEMM,2012,348748,348043,ns,1.3727e+11,586,1.25382e+06,1.25069e+06,ns,3.81995e+10,613,1.15297e+06,1.15e+06,ns,4.15442e+10,288,float
GEMM,1700,412623,411995,ns,1.5907e+11,404,1.72067e+06,1.71606e+06,ns,3.81899e+10,435,1.59664e+06,1.59277e+06,ns,4.1146e+10,320,float
GEMM,992,705909,704838,ns,1.6067e+11,227,2.76857e+06,2.76289e+06,ns,4.09884e+10,253,2.70428e+06,2.69935e+06,ns,4.19532e+10,384,float
GEMM,625,1.12285e+06,1.12087e+06,ns,1.60439e+11,157,4.45007e+06,4.44089e+06,ns,4.04943e+10,162,4.3649e+06,4.35683e+06,ns,4.12756e+10,448,float
GEMM,421,1.6702e+06,1.66724e+06,ns,1.61006e+11,98,7.07555e+06,7.05621e+06,ns,3.80425e+10,99,7.12602e+06,7.11264e+06,ns,3.77406e+10,512,float
GEMM,125,5.58917e+06,5.57989e+06,ns,1.62363e+11,29,2.40008e+07,2.3946e+07,ns,3.78339e+10,30,2.33493e+07,2.33083e+07,ns,3.88689e+10,768,float
GEMM,53,1.32765e+07,1.32545e+07,ns,1.6202e+11,11,6.25177e+07,6.23661e+07,ns,3.44335e+10,12,5.91362e+07,5.903e+07,ns,3.63795e+10,1024,float
GEMM,16,4.4861e+07,4.47857e+07,ns,1.61832e+11,3,2.22249e+08,2.21674e+08,ns,3.26956e+10,4,1.96079e+08,1.95684e+08,ns,3.70381e+10,1536,float
GEMM,7,1.06576e+08,1.0639e+08,ns,1.61479e+11,1,5.358e+08,5.34629e+08,ns,3.21342e+10,2,4.80031e+08,4.78965e+08,ns,3.58688e+10,2048,float
GEMM,1,8.50945e+08,8.4961e+08,ns,1.61767e+11,1,3.91429e+09,3.9061e+09,ns,3.51857e+10,1,3.7086e+09,3.69949e+09,ns,3.71508e+10,4096,float
GEMM,15161948,46.3314,46.2555,ns,2.21379e+10,9240449,78.668,78.5346,ns,1.30388e+10,9568978,72.3431,72.2086,ns,1.41811e+10,8,double
GEMM,4226316,166.555,166.263,ns,4.92714e+10,1912249,369.441,368.732,ns,2.22167e+10,2039451,344.358,343.689,ns,2.38355e+10,16,double
GEMM,703399,996.258,994.72,ns,6.58839e+10,288939,2439.34,2435.02,ns,2.69139e+10,306310,2286.6,2282.85,ns,2.87079e+10,32,double
GEMM,93894,7471.89,7460.56,ns,7.02746e+10,37314,19181.6,19138.8,ns,2.7394e+10,39081,17886.8,17858.1,ns,2.93585e+10,64,double
GEMM,29768,23586.2,23546.6,ns,7.51478e+10,11686,60617.6,60518.2,ns,2.92387e+10,12017,58384.5,58314.9,ns,3.03434e+10,96,double
GEMM,12629,55448.7,55369.1,ns,7.57517e+10,4518,152769,152477,ns,2.75078e+10,4754,147480,147282,ns,2.8478e+10,128,double
GEMM,6522,107474,107272,ns,7.63668e+10,2061,334475,333762,ns,2.45444e+10,2190,321433,320829,ns,2.55338e+10,160,double
GEMM,3092,227455,226843,ns,6.24034e+10,1166,624521,623107,ns,2.2718e+10,1168,598614,597474,ns,2.36927e+10,192,double
GEMM,2386,289694,289066,ns,7.77637e+10,755,931396,929104,ns,2.41941e+10,737,948282,946378,ns,2.37525e+10,224,double
GEMM,1625,431938,431040,ns,7.78452e+10,478,1.46474e+06,1.4617e+06,ns,2.29557e+10,470,1.49431e+06,1.49093e+06,ns,2.25057e+10,256,double
GEMM,1157,608476,606992,ns,7.8709e+10,361,1.97194e+06,1.96779e+06,ns,2.42789e+10,354,1.97774e+06,1.97314e+06,ns,2.4213e+10,288,double
GEMM,841,836013,834050,ns,7.85756e+10,241,2.86572e+06,2.85992e+06,ns,2.29154e+10,247,2.88911e+06,2.88277e+06,ns,2.27337e+10,320,double
GEMM,490,1.42228e+06,1.4197e+06,ns,7.97679e+10,147,4.91148e+06,4.90122e+06,ns,2.31057e+10,141,4.94126e+06,4.93022e+06,ns,2.29698e+10,384,double
GEMM,311,2.25648e+06,2.25237e+06,ns,7.98409e+10,89,7.85685e+06,7.84242e+06,ns,2.29305e+10,84,8.44969e+06,8.43048e+06,ns,2.1331e+10,448,double
GEMM,208,3.37604e+06,3.36972e+06,ns,7.9661e+10,57,1.23262e+07,1.23031e+07,ns,2.18185e+10,53,1.34018e+07,1.33707e+07,ns,2.00764e+10,512,double
GEMM,61,1.14427e+07,1.14206e+07,ns,7.93278e+10,17,4.1765e+07,4.16918e+07,ns,2.17301e+10,16,4.4673e+07,4.45673e+07,ns,2.03281e+10,768,double
GEMM,26,2.73424e+07,2.72828e+07,ns,7.87121e+10,7,1.02982e+08,1.02802e+08,ns,2.08894e+10,6,1.10128e+08,1.09875e+08,ns,1.95448e+10,1024,double
GEMM,8,9.18557e+07,9.16463e+07,ns,7.9084e+10,2,3.4346e+08,3.42768e+08,ns,2.11448e+10,2,3.59344e+08,3.58499e+08,ns,2.02169e+10,1536,double
GEMM,3,2.16425e+08,2.16021e+08,ns,7.95288e+10,1,8.1949e+08,8.17999e+08,ns,2.10023e+10,1,8.74754e+08,8.72592e+08,ns,1.96883e+10,2048,double
GEMM,1,1.73142e+09,1.72833e+09,ns,7.95212e+10,1,6.69381e+09,6.68275e+09,ns,2.05662e+10,1,6.63936e+09,6.623e+09,ns,2.07518e+10,4096,double
