name,hand_vectorized_iterations,hand_vectorized_real_time,hand_vectorized_cpu_time,hand_vectorized_time_unit,hand_vectorized_bytes_per_second,llvm_auto_iterations,llvm_auto_real_time,llvm_auto_cpu_time,llvm_auto_time_unit,llvm_auto_bytes_per_second,scalar_iterations,scalar_real_time,scalar_cpu_time,scalar_time_unit,scalar_bytes_per_second,size,type
ColwiseSum,7597732,92.7525,92.5887,ns,1.76955e+11,4928508,145.91,145.656,ns,1.12484e+11,4909126,139.48,139.247,ns,1.17662e+11,64,float
ColwiseSum,2511581,279.665,279.131,ns,2.34786e+11,1377718,513.382,512.467,ns,1.27883e+11,1423935,491.608,490.551,ns,1.33597e+11,128,float
ColwiseSum,654402,1076.21,1074.3,ns,2.44013e+11,346128,2002.38,1999.1,ns,1.31131e+11,354878,1979.12,1975.78,ns,1.32678e+11,256,float
ColwiseSum,125689,5531.86,5521.97,ns,1.89892e+11,75640,9404.7,9386.18,ns,1.11715e+11,74138,9337.62,9320.45,ns,1.12503e+11,512,float
ColwiseSum,22121,32353.9,32298.7,ns,1.2986e+11,17283,40712.7,40637.3,ns,1.03213e+11,17641,40061.1,39988.2,ns,1.04889e+11,1024,float
ColwiseMean,7215427,96.8275,96.6599,ns,1.69501e+11,4771350,146.68,146.47,ns,1.11859e+11,4801405,146.256,145.992,ns,1.12225e+11,64,float
ColwiseMean,2430693,287.716,287.195,ns,2.28193e+11,1344680,520.831,520.054,ns,1.26018e+11,1334589,525.662,524.741,ns,1.24892e+11,128,float
ColwiseMean,653129,1072.39,1070.54,ns,2.44871e+11,334553,2152.89,2148.63,ns,1.22005e+11,332093,2095.53,2091.96,ns,1.2531e+11,256,float
ColwiseMean,123024,5691.64,5678.46,ns,1.84659e+11,69944,9854.31,9835.43,ns,1.06612e+11,71776,9882.87,9863.61,ns,1.06308e+11,512,float
ColwiseMean,21977,31903,31848.6,ns,1.31695e+11,16976,41271.9,41190.6,ns,1.01827e+11,17355,39957,39879,ns,1.05176e+11,1024,float
ColwiseNorm,7071532,99.9684,99.7937,ns,1.64179e+11,3151815,219.35,218.86,ns,7.48608e+10,3255582,215.388,215.041,ns,7.61901e+10,64,float
ColwiseNorm,2161406,321.806,321.316,ns,2.03961e+11,1000335,697.389,695.881,ns,9.4177e+10,1019720,698.321,696.991,ns,9.40271e+10,128,float
ColwiseNorm,624007,1120.27,1118.15,ns,2.34444e+11,278207,2519.43,2514.35,ns,1.04259e+11,279635,2487.22,2481.29,ns,1.05648e+11,256,float
ColwiseNorm,119487,5863.84,5853.61,ns,1.79133e+11,65207,10852.1,10828.2,ns,9.68379e+10,66000,10741.1,10717.9,ns,9.78343e+10,512,float
ColwiseNorm,21292,32867,32810.5,ns,1.27834e+11,16036,42625.4,42537.9,ns,9.86016e+10,16617,42067.8,41996.6,ns,9.98725e+10,1024,float
ColwiseMinCoeff,7929085,88.7033,88.5512,ns,1.85023e+11,1776826,398.665,397.918,ns,4.11743e+10,1837255,381.411,380.76,ns,4.30297e+10,64,float
ColwiseMinCoeff,2491003,283.501,282.921,ns,2.31641e+11,442945,1586.57,1583.49,ns,4.13872e+10,460007,1526.89,1523.92,ns,4.3005e+10,128,float
ColwiseMinCoeff,657398,1067.85,1066,ns,2.45913e+11,113345,6273.15,6260.58,ns,4.18722e+10,115210,6095.18,6083.98,ns,4.30876e+10,256,float
ColwiseMinCoeff,121068,5605.49,5592.24,ns,1.87505e+11,27881,25601.3,25534.4,ns,4.10652e+10,28466,24644,24594.1,ns,4.26353e+10,512,float
ColwiseMinCoeff,22507,31137.7,31082.7,ns,1.3494e+11,6775,99876.9,99657.3,ns,4.20873e+10,6992,100433,100185,ns,4.18657e+10,1024,float
ColwiseMaxCoeff,7005423,100.881,100.73,ns,1.62653e+11,1731346,403.282,402.584,ns,4.06971e+10,1808111,387.559,386.78,ns,4.236e+10,64,float
ColwiseMaxCoeff,2443312,286.681,286.193,ns,2.28992e+11,439790,1601.98,1598.31,ns,4.10033e+10,454216,1549.09,1545.03,ns,4.24174e+10,128,float
ColwiseMaxCoeff,657634,1066.46,1064.62,ns,2.46233e+11,110166,6379.64,6366.37,ns,4.11764e+10,113312,6233.36,6221.64,ns,4.21342e+10,256,float
ColwiseMaxCoeff,121682,5752.58,5740.25,ns,1.82671e+11,26524,26377.2,26315.2,ns,3.98468e+10,27992,25237.4,25190.7,ns,4.16256e+10,512,float
ColwiseMaxCoeff,22046,31975.1,31906.1,ns,1.31458e+11,7001,102028,101828,ns,4.119e+10,6875,101462,101268,ns,4.1418e+10,1024,float
RowwiseSum,12777657,55.1493,55.0576,ns,2.97579e+11,1570679,444.25,443.34,ns,3.69559e+10,1606668,440.262,439.469,ns,3.72814e+10,64,float
RowwiseSum,2091314,335.819,335.236,ns,1.95492e+11,309382,2277.57,2272.61,ns,2.88373e+10,307896,2261.47,2258.04,ns,2.90233e+10,128,float
RowwiseSum,145388,4850.33,4842.03,ns,5.41393e+10,17040,41168.4,41076.4,ns,6.38186e+09,17133,41544.5,41464.8,ns,6.32209e+09,256,float
RowwiseSum,21715,32281.6,32219.5,ns,3.25447e+10,2733,256252,255815,ns,4.09897e+09,2730,256060,255552,ns,4.10318e+09,512,float
RowwiseSum,2400,291709,291191,ns,1.4404e+10,249,2.80993e+06,2.80484e+06,ns,1.49538e+09,234,2.96987e+06,2.9645e+06,ns,1.41484e+09,1024,float
RowwiseNorm,9899698,70.7791,70.6798,ns,2.31806e+11,1611652,435.286,434.569,ns,3.77017e+10,1574923,439.989,439.228,ns,3.73018e+10,64,float
RowwiseNorm,1887548,368.242,367.656,ns,1.78253e+11,284322,2487.75,2483.17,ns,2.6392e+10,282110,2537.07,2531.2,ns,2.58913e+10,128,float
RowwiseNorm,147380,4731.59,4724.7,ns,5.54838e+10,17231,40620.7,40542.3,ns,6.46594e+09,16944,41165.5,41084.6,ns,6.3806e+09,256,float
RowwiseNorm,20864,33389.4,33330.9,ns,3.14596e+10,2832,248074,247543,ns,4.23594e+09,2809,249502,248969,ns,4.21167e+09,512,float
RowwiseNorm,2380,295498,294671,ns,1.42339e+10,256,2.77769e+06,2.77095e+06,ns,1.51367e+09,229,3.02511e+06,3.01888e+06,ns,1.38936e+09,1024,float
RowwiseBroadcastAdd,6858229,86.3856,86.2202,ns,3.8005e+11,7243558,94.4073,94.2694,ns,3.47599e+11,7525114,97.3995,97.2458,ns,3.36961e+11,64,float
RowwiseBroadcastAdd,2158038,316.324,315.776,ns,4.15079e+11,2107609,324.85,324.298,ns,4.04172e+11,1662037,383.744,383.114,ns,3.42123e+11,128,float
RowwiseBroadcastAdd,568521,1233.56,1231.33,ns,4.25789e+11,564846,1240.8,1238.86,ns,4.23202e+11,568130,1233.26,1231.43,ns,4.25754e+11,256,float
RowwiseBroadcastAdd,110662,6325.71,6312.82,ns,3.32205e+11,110618,6342.1,6330.3,ns,3.31288e+11,107800,6493.52,6482.58,ns,3.23506e+11,512,float
RowwiseBroadcastAdd,21468,32753.4,32658.1,ns,2.56862e+11,21265,32841.4,32782.2,ns,2.55889e+11,21369,32863.5,32807.1,ns,2.55695e+11,1024,float
ColwiseBroadcastAdd,6472706,108.472,108.255,ns,3.02692e+11,6414867,109.481,109.268,ns,2.99887e+11,6366545,112.166,111.987,ns,2.92605e+11,64,float
ColwiseBroadcastAdd,1435086,483.483,482.698,ns,2.7154e+11,1454694,482.363,481.629,ns,2.72143e+11,1435307,489.714,488.803,ns,2.68149e+11,128,float
ColwiseBroadcastAdd,363969,1965.95,1961.76,ns,2.67253e+11,367325,1916.2,1913.42,ns,2.74006e+11,363300,1937.01,1931.21,ns,2.71481e+11,256,float
ColwiseBroadcastAdd,83079,8541.44,8523.79,ns,2.46035e+11,68035,10319.3,10299.8,ns,2.0361e+11,68833,10169,10148,ns,2.06656e+11,512,float
ColwiseBroadcastAdd,18886,37003.4,36934.4,ns,2.27122e+11,16662,42023.7,41943,ns,2e+11,16698,42599.5,42512.7,ns,1.9732e+11,1024,float
RowwiseBroadcastMul,7624898,165.599,165.333,ns,1.98194e+11,6437045,81.7072,81.5675,ns,4.01729e+11,5219319,128.47,128.255,ns,2.55491e+11,64,float
RowwiseBroadcastMul,1000000,567.335,566.486,ns,2.31377e+11,1338882,507.09,506.2,ns,2.58933e+11,1243267,508.891,507.981,ns,2.58025e+11,128,float
RowwiseBroadcastMul,364709,1757.96,1754.82,ns,2.98769e+11,380794,1841.39,1838.31,ns,2.85201e+11,388580,1825.67,1822.49,ns,2.87677e+11,256,float
RowwiseBroadcastMul,84937,8345.58,8329.3,ns,2.5178e+11,88135,8177.8,8162.94,ns,2.56911e+11,85865,8142.38,8125.92,ns,2.58082e+11,512,float
RowwiseBroadcastMul,20652,34444.5,34381.9,ns,2.43983e+11,20516,34225.2,34160.5,ns,2.45564e+11,20003,34242,34169.3,ns,2.45502e+11,1024,float
ColwiseBroadcastSubExp,725072,962.606,961.077,ns,3.40951e+10,133434,5322.09,5313.79,ns,6.1666e+09,135497,5180.75,5170.81,ns,6.33711e+09,64,float
ColwiseBroadcastSubExp,184567,3754.14,3748.16,ns,3.49697e+10,33614,20605.1,20573.2,ns,6.371e+09,34943,19941.3,19912.6,ns,6.58237e+09,128,float
ColwiseBroadcastSubExp,46966,14962.8,14939.1,ns,3.50951e+10,8780,79201.4,79084,ns,6.62951e+09,9098,77060.1,76934.4,ns,6.81474e+09,256,float
ColwiseBroadcastSubExp,11598,59966.8,59858.5,ns,3.50351e+10,2244,310360,309763,ns,6.77018e+09,2306,303059,302430,ns,6.93433e+09,512,float
ColwiseBroadcastSubExp,2900,241317,240747,ns,3.4844e+10,564,1.23064e+06,1.22826e+06,ns,6.82968e+09,569,1.22008e+06,1.21788e+06,ns,6.88788e+09,1024,float
PerColBroadcastSubExp,736102,957.416,955.801,ns,3.42833e+10,116556,6043.16,6033.44,ns,5.43106e+09,112334,6190.46,6179.64,ns,5.30258e+09,64,float
PerColBroadcastSubExp,182178,3826.43,3819.89,ns,3.43131e+10,30120,23530.8,23492.4,ns,5.57935e+09,29560,23607,23568.8,ns,5.56126e+09,128,float
PerColBroadcastSubExp,46174,15196.3,15169.5,ns,3.4562e+10,7658,90371.1,90231.7,ns,5.81047e+09,7520,92075.9,91906.5,ns,5.70458e+09,256,float
PerColBroadcastSubExp,11459,61133.1,61008.2,ns,3.43749e+10,1973,351946,351296,ns,5.96975e+09,1936,361736,361041,ns,5.80862e+09,512,float
PerColBroadcastSubExp,2862,244857,244404,ns,3.43227e+10,502,1.40334e+06,1.40075e+06,ns,5.98864e+09,483,1.45392e+06,1.4511e+06,ns,5.78088e+09,1024,float
ColwiseSum,6481322,108.214,108.029,ns,3.03326e+11,4598041,147.864,147.597,ns,2.2201e+11,4858655,140.036,139.735,ns,2.345e+11,64,double
ColwiseSum,1287862,543.261,542.092,ns,2.41789e+11,1319631,534.495,533.531,ns,2.45669e+11,1319761,529.111,527.803,ns,2.48335e+11,128,double
ColwiseSum,317323,2213.51,2208.65,ns,2.3738e+11,349479,2000.96,1997.16,ns,2.62517e+11,356172,1994.8,1989.9,ns,2.63474e+11,256,double
ColwiseSum,47662,14729.8,14692.1,ns,1.42741e+11,46513,15063.4,15030.6,ns,1.39525e+11,47645,14816.1,14785.3,ns,1.4184e+11,512,double
ColwiseSum,10727,64681.5,64571.2,ns,1.29913e+11,10186,68347.9,68209.9,ns,1.22982e+11,12032,59579.9,59463.4,ns,1.41072e+11,1024,double
ColwiseMean,6026298,116.892,116.659,ns,2.80887e+11,4836734,147.009,146.653,ns,2.23438e+11,4683963,150.968,150.723,ns,2.17406e+11,64,double
ColwiseMean,1281751,532.798,531.71,ns,2.4651e+11,1270721,551.499,550.359,ns,2.38157e+11,1250560,560.071,558.998,ns,2.34477e+11,128,double
ColwiseMean,306026,2283.09,2278.4,ns,2.30112e+11,337818,2104.26,2099.68,ns,2.49699e+11,333501,2195.45,2190.9,ns,2.39303e+11,256,double
ColwiseMean,47850,14642.5,14611,ns,1.43532e+11,47819,14722.6,14694.7,ns,1.42715e+11,46217,15194.6,15164.5,ns,1.38293e+11,512,double
ColwiseMean,10876,64635.3,64474.5,ns,1.30107e+11,11915,58908.1,58802.2,ns,1.42658e+11,10611,66927.8,66798.2,ns,1.25581e+11,1024,double
ColwiseNorm,4939376,142.079,141.799,ns,2.31088e+11,3090112,226.74,226.298,ns,1.448e+11,3169124,221.409,221.034,ns,1.48249e+11,64,double
ColwiseNorm,1250075,564.406,563.444,ns,2.32627e+11,826205,846.586,845.151,ns,1.55087e+11,840228,836.291,834.911,ns,1.56989e+11,128,double
ColwiseNorm,300080,2335.08,2331.12,ns,2.24908e+11,199237,3499.03,3493.84,ns,1.50061e+11,202913,3439.33,3433,ns,1.5272e+11,256,double
ColwiseNorm,46428,15251,15221.4,ns,1.37777e+11,38415,18262.4,18228.3,ns,1.15049e+11,39030,18067.4,18031.8,ns,1.16303e+11,512,double
ColwiseNorm,11309,57500.5,57358.7,ns,1.46248e+11,7745,90240.6,90070.9,ns,9.31334e+10,7892,88547.6,88351.7,ns,9.49457e+10,1024,double
ColwiseMinCoeff,5492378,129.205,128.994,ns,2.54027e+11,1800781,389.414,388.689,ns,8.4304e+10,1825500,385.968,385.115,ns,8.50863e+10,64,double
ColwiseMinCoeff,1289786,544.33,543.424,ns,2.41196e+11,457903,1525.16,1522.14,ns,8.61104e+10,454938,1540.21,1536.9,ns,8.52834e+10,128,double
ColwiseMinCoeff,276598,2555.69,2550.03,ns,2.05601e+11,115237,6082.86,6070.9,ns,8.63608e+10,114136,6146.74,6134.22,ns,8.54694e+10,256,double
ColwiseMinCoeff,45252,15461.6,15429.9,ns,1.35915e+11,27608,25563.1,25508.8,ns,8.22128e+10,27098,25880.2,25825.6,ns,8.12043e+10,512,double
ColwiseMinCoeff,11708,59804,59665.4,ns,1.40594e+11,6913,100489,100288,ns,8.36449e+10,7002,101086,100865,ns,8.3167e+10,1024,double
ColwiseMaxCoeff,5316285,132.973,132.763,ns,2.46816e+11,1842106,380.493,379.856,ns,8.62642e+10,1827098,388.808,388.154,ns,8.44201e+10,64,double
ColwiseMaxCoeff,1295566,541.383,540.487,ns,2.42507e+11,461877,1520.18,1517.26,ns,8.6387e+10,448650,1548.01,1545.37,ns,8.48158e+10,128,double
ColwiseMaxCoeff,284692,2476.01,2470.22,ns,2.12244e+11,115709,6079.94,6068.95,ns,8.63885e+10,114576,6153.77,6143.3,ns,8.53431e+10,256,double
ColwiseMaxCoeff,47560,15157.6,15120,ns,1.38701e+11,27513,25447,25397.9,ns,8.25718e+10,27079,25800.2,25755.5,ns,8.14255e+10,512,double
ColwiseMaxCoeff,10588,65725.3,65576.2,ns,1.27922e+11,6995,100260,100061,ns,8.38348e+10,6774,106753,106528,ns,7.87457e+10,1024,double
RowwiseSum,6908323,103.573,103.392,ns,3.16931e+11,1567748,447.764,446.963,ns,7.33125e+10,1502241,463.15,462.344,ns,7.08737e+10,64,double
RowwiseSum,278228,2433.28,2428.17,ns,5.39797e+10,67865,10319.4,10300.8,ns,1.27244e+10,66433,10649.3,10632.1,ns,1.23279e+10,128,double
RowwiseSum,41161,18131.4,18097.3,ns,2.89705e+10,12193,57354.6,57254,ns,9.15723e+09,11091,62006.9,61899.8,ns,8.46995e+09,256,double
RowwiseSum,6599,106294,106059,ns,1.97735e+10,1632,429512,428652,ns,4.89243e+09,1593,438465,437652,ns,4.79182e+09,512,double
RowwiseSum,1151,576452,575423,ns,1.45782e+10,252,2.79063e+06,2.78471e+06,ns,3.01238e+09,207,3.36491e+06,3.35897e+06,ns,2.49738e+09,1024,double
RowwiseNorm,4484882,158.25,157.877,ns,2.07554e+11,1633551,429.596,428.694,ns,7.64369e+10,1607784,440.862,439.467,ns,7.45631e+10,64,double
RowwiseNorm,279998,2418.05,2413.31,ns,5.43122e+10,68348,10216.9,10197.8,ns,1.28529e+10,64876,10701,10681.5,ns,1.22709e+10,128,double
RowwiseNorm,40675,17288.7,17256.4,ns,3.03823e+10,12245,56599.9,56477.4,ns,9.28315e+09,11247,63819.4,63714.8,ns,8.22867e+09,256,double
RowwiseNorm,6909,100790,100557,ns,2.08553e+10,1694,415919,415177,ns,5.05123e+09,1539,456085,455284,ns,4.60625e+09,512,double
RowwiseNorm,1191,564714,563593,ns,1.48842e+10,259,2.71083e+06,2.7064e+06,ns,3.09954e+09,249,2.77603e+06,2.77121e+06,ns,3.02706e+09,1024,double
RowwiseBroadcastAdd,5003894,140.055,139.746,ns,4.68964e+11,4347535,161.721,161.41,ns,4.06022e+11,3184451,201.22,200.884,ns,3.26238e+11,64,double
RowwiseBroadcastAdd,1103958,616.489,614.858,ns,4.26349e+11,1116445,620.144,618.696,ns,4.23704e+11,1068322,630.927,629.906,ns,4.16163e+11,128,double
RowwiseBroadcastAdd,255167,2767.25,2761.7,ns,3.79685e+11,267711,2621.81,2616.13,ns,4.00812e+11,239822,2674.87,2670.24,ns,3.9269e+11,256,double
RowwiseBroadcastAdd,44541,15494.8,15465.5,ns,2.71203e+11,47184,14906,14866.7,ns,2.82127e+11,46306,15309,15273.8,ns,2.74608e+11,512,double
RowwiseBroadcastAdd,9513,73235.9,73108.2,ns,2.29485e+11,9665,71865.2,71704.8,ns,2.33976e+11,9433,74673.5,74513.3,ns,2.25157e+11,1024,double
ColwiseBroadcastAdd,3410607,204.622,204.228,ns,3.20896e+11,3361709,200.838,200.491,ns,3.26878e+11,3408025,205.064,204.677,ns,3.20193e+11,64,double
ColwiseBroadcastAdd,729896,967.722,966.046,ns,2.71358e+11,727077,966.417,964.747,ns,2.71723e+11,713230,987.716,985.94,ns,2.65882e+11,128,double
ColwiseBroadcastAdd,178640,3961.78,3953.95,ns,2.65197e+11,139941,5007.55,4996.4,ns,2.09866e+11,138281,5216.23,5206.32,ns,2.01405e+11,256,double
ColwiseBroadcastAdd,39162,17305.6,17262.3,ns,2.42975e+11,33159,21148.5,21101.8,ns,1.98765e+11,32027,21615.2,21570,ns,1.94451e+11,512,double
ColwiseBroadcastAdd,9877,71218.8,71014.9,ns,2.36249e+11,8290,84800.1,84594.5,ns,1.98325e+11,8264,84625.1,84448.8,ns,1.98667e+11,1024,double
RowwiseBroadcastMul,3833628,194.355,194.029,ns,3.37765e+11,2706081,228.23,227.777,ns,2.87721e+11,2602974,268.502,268.056,ns,2.44486e+11,64,double
RowwiseBroadcastMul,764667,946.199,943.617,ns,2.77808e+11,766279,962.191,960.172,ns,2.73018e+11,739681,921.69,919.799,ns,2.85001e+11,128,double
RowwiseBroadcastMul,190481,3794.83,3788.16,ns,2.76804e+11,191705,3631.56,3624.74,ns,2.89283e+11,182557,3771.46,3763.92,ns,2.78586e+11,256,double
RowwiseBroadcastMul,42494,16832.8,16792.9,ns,2.49767e+11,43484,16407.2,16374,ns,2.56156e+11,42637,16725.9,16691,ns,2.51291e+11,512,double
RowwiseBroadcastMul,9436,68986.5,68836.3,ns,2.43726e+11,9480,73250.6,73097.8,ns,2.29517e+11,9432,71231.8,71077.6,ns,2.36041e+11,1024,double
ColwiseBroadcastSubExp,301627,2368.41,2363.61,ns,2.77271e+10,76431,8920.57,8904.51,ns,7.35987e+09,75687,9186.81,9171.93,ns,7.14528e+09,64,double
ColwiseBroadcastSubExp,75050,9102.29,9086.83,ns,2.88488e+10,19957,35197.9,35134.6,ns,7.46115e+09,19455,36013.8,35951.1,ns,7.29168e+09,128,double
ColwiseBroadcastSubExp,19480,36084.9,36023.6,ns,2.9108e+10,5054,139222,138960,ns,7.54591e+09,4908,142593,142341,ns,7.36665e+09,256,double
ColwiseBroadcastSubExp,4821,145906,145625,ns,2.8802e+10,1260,555085,554034,ns,7.57049e+09,1231,568940,567779,ns,7.38721e+09,512,double
ColwiseBroadcastSubExp,1186,586169,584985,ns,2.86797e+10,315,2.20971e+06,2.20569e+06,ns,7.60635e+09,311,2.23819e+06,2.2336e+06,ns,7.51128e+09,1024,double
PerColBroadcastSubExp,305208,2300.72,2295.79,ns,2.85462e+10,78012,8971.25,8950.31,ns,7.3222e+09,74629,9267.03,9249.66,ns,7.08523e+09,64,double
PerColBroadcastSubExp,77483,9036.76,9016.44,ns,2.9074e+10,20090,34789.8,34719.2,ns,7.5504e+09,19327,35732.7,35672.8,ns,7.34856e+09,128,double
PerColBroadcastSubExp,19562,35924.5,35844.7,ns,2.92533e+10,5115,137131,136876,ns,7.66078e+09,4972,139736,139475,ns,7.51804e+09,256,double
PerColBroadcastSubExp,4862,144035,143651,ns,2.91978e+10,1287,545233,544333,ns,7.7054e+09,1263,556094,554989,ns,7.55745e+09,512,double
PerColBroadcastSubExp,1195,580859,579835,ns,2.89345e+10,321,2.1753e+06,2.17208e+06,ns,7.72403e+09,316,2.21763e+06,2.21248e+06,ns,7.583e+09,1024,double
