path,encounters
main;recurseImpose;recurseImpose;recurseImpose;recurseImpose;impose;copyM;alloc__anon_3246;allocAdvancedWithRetAddr;allocWithSizeAndAlignment__anon_26859;allocBytesWithAlignment__anon_26870;alloc;alignedIndex;forward,57050643
main;recurseImpose;recurseImpose;recurseImpose;recurseImpose;impose,43146427
main;recurseImpose;recurseImpose;recurseImpose;recurseImpose;impose;freeM,42580415
main;recurseImpose;recurseImpose;recurseImpose;recurseImpose;recurseImpose;alloc,42864732
main;recurseImpose;recurseImpose;recurseImpose;recurseImpose;recurseImpose;copyM;alloc__anon_3246;allocAdvancedWithRetAddr;allocWithSizeAndAlignment__anon_26859;allocBytesWithAlignment__anon_26870;alloc;alignedIndex;forward,40624809
main;recurseImpose;recurseImpose;recurseImpose;recurseImpose;recurseImpose;free,14676873
main;recurseImpose;recurseImpose;recurseImpose;recurseImpose;recurseImpose;heuristicFail;copyM;alloc__anon_3246;allocAdvancedWithRetAddr;allocWithSizeAndAlignment__anon_26859;allocBytesWithAlignment__anon_26870;alloc,39800008
main;recurseImpose;recurseImpose;recurseImpose;recurseImpose;recurseImpose;impose,56996294
main;recurseImpose;recurseImpose;recurseImpose;recurseImpose;recurseImpose;impose;[unknown],160
main;recurseImpose;recurseImpose;recurseImpose;recurseImpose;recurseImpose;impose;copyM;[unknown];[unknown];[unknown];[unknown];[unknown],13670958
main;recurseImpose;recurseImpose;recurseImpose;recurseImpose;recurseImpose;impose;copyM;alloc__anon_3246;allocAdvancedWithRetAddr;allocWithSizeAndAlignment__anon_26859;allocBytesWithAlignment__anon_26870;alloc;alignedIndex;forward,281004707
main;recurseImpose;recurseImpose;recurseImpose;recurseImpose;recurseImpose;impose;countVal,19336891
main;recurseImpose;recurseImpose;recurseImpose;recurseImpose;recurseImpose;impose;freeM;free__anon_3274;rawFree;free,97453841
main;recurseImpose;recurseImpose;recurseImpose;recurseImpose;recurseImpose;recurseImpose;alloc,139713785
main;recurseImpose;recurseImpose;recurseImpose;recurseImpose;recurseImpose;recurseImpose;free,372756475
main;recurseImpose;recurseImpose;recurseImpose;recurseImpose;recurseImpose;recurseImpose;heuristicFail;copyM;alloc__anon_3246;allocAdvancedWithRetAddr;allocWithSizeAndAlignment__anon_26859;allocBytesWithAlignment__anon_26870;alloc;alignedIndex;forward,42357464
main;recurseImpose;recurseImpose;recurseImpose;recurseImpose;recurseImpose;recurseImpose;heuristicFail;next,43492184
main;recurseImpose;recurseImpose;recurseImpose;recurseImpose;recurseImpose;recurseImpose;impose,265700002
main;recurseImpose;recurseImpose;recurseImpose;recurseImpose;recurseImpose;recurseImpose;impose;copyM,60381845
main;recurseImpose;recurseImpose;recurseImpose;recurseImpose;recurseImpose;recurseImpose;impose;copyM;[unknown];[unknown];[unknown];[unknown];[unknown],56746071
main;recurseImpose;recurseImpose;recurseImpose;recurseImpose;recurseImpose;recurseImpose;impose;copyM;alloc__anon_3241;allocAdvancedWithRetAddr;allocWithSizeAndAlignment__anon_25881;allocBytesWithAlignment__anon_11965;rawAlloc;alloc,76524420
main;recurseImpose;recurseImpose;recurseImpose;recurseImpose;recurseImpose;recurseImpose;impose;copyM;alloc__anon_3241;allocAdvancedWithRetAddr;allocWithSizeAndAlignment__anon_25881;allocBytesWithAlignment__anon_11965;rawAlloc;alloc;alignedIndex;forward,54729931
main;recurseImpose;recurseImpose;recurseImpose;recurseImpose;recurseImpose;recurseImpose;impose;copyM;alloc__anon_3246;allocAdvancedWithRetAddr;allocWithSizeAndAlignment__anon_26859;allocBytesWithAlignment__anon_26870,1
main;recurseImpose;recurseImpose;recurseImpose;recurseImpose;recurseImpose;recurseImpose;impose;copyM;alloc__anon_3246;allocAdvancedWithRetAddr;allocWithSizeAndAlignment__anon_26859;allocBytesWithAlignment__anon_26870;alloc,1
main;recurseImpose;recurseImpose;recurseImpose;recurseImpose;recurseImpose;recurseImpose;impose;copyM;alloc__anon_3246;allocAdvancedWithRetAddr;allocWithSizeAndAlignment__anon_26859;allocBytesWithAlignment__anon_26870;alloc;alignedIndex;forward,832900283
main;recurseImpose;recurseImpose;recurseImpose;recurseImpose;recurseImpose;recurseImpose;impose;countVal,279124981
main;recurseImpose;recurseImpose;recurseImpose;recurseImpose;recurseImpose;recurseImpose;impose;freeM;free__anon_3274;rawFree;free,225469539
main;recurseImpose;recurseImpose;recurseImpose;recurseImpose;recurseImpose;recurseImpose;recurseImpose;alloc,39546420
main;recurseImpose;recurseImpose;recurseImpose;recurseImpose;recurseImpose;recurseImpose;recurseImpose;free,361861396
main;recurseImpose;recurseImpose;recurseImpose;recurseImpose;recurseImpose;recurseImpose;recurseImpose;heuristicFail,42581279
main;recurseImpose;recurseImpose;recurseImpose;recurseImpose;recurseImpose;recurseImpose;recurseImpose;heuristicFail;copyM;[unknown];[unknown];[unknown];[unknown];[unknown];[unknown],16971100
main;recurseImpose;recurseImpose;recurseImpose;recurseImpose;recurseImpose;recurseImpose;recurseImpose;heuristicFail;copyM;alloc__anon_3246;allocAdvancedWithRetAddr;allocWithSizeAndAlignment__anon_26859;allocBytesWithAlignment__anon_26870;alloc;alignedIndex;forward,95758996
main;recurseImpose;recurseImpose;recurseImpose;recurseImpose;recurseImpose;recurseImpose;recurseImpose;heuristicFail;deinit;freeM;free__anon_3274;rawFree;free,42660462
main;recurseImpose;recurseImpose;recurseImpose;recurseImpose;recurseImpose;recurseImpose;recurseImpose;heuristicFail;init;copyM,40419501
main;recurseImpose;recurseImpose;recurseImpose;recurseImpose;recurseImpose;recurseImpose;recurseImpose;heuristicFail;init;copyM;alloc__anon_3241;allocAdvancedWithRetAddr;allocWithSizeAndAlignment__anon_25881;allocBytesWithAlignment__anon_11965;rawAlloc;alloc,15158826
main;recurseImpose;recurseImpose;recurseImpose;recurseImpose;recurseImpose;recurseImpose;recurseImpose;heuristicFail;next;walk;walk,16807816
main;recurseImpose;recurseImpose;recurseImpose;recurseImpose;recurseImpose;recurseImpose;recurseImpose;impose,1119589828
main;recurseImpose;recurseImpose;recurseImpose;recurseImpose;recurseImpose;recurseImpose;recurseImpose;impose;copyM,129100467
main;recurseImpose;recurseImpose;recurseImpose;recurseImpose;recurseImpose;recurseImpose;recurseImpose;impose;copyM;[unknown],13999465
main;recurseImpose;recurseImpose;recurseImpose;recurseImpose;recurseImpose;recurseImpose;recurseImpose;impose;copyM;[unknown];[unknown];[unknown];[unknown],37189457
main;recurseImpose;recurseImpose;recurseImpose;recurseImpose;recurseImpose;recurseImpose;recurseImpose;impose;copyM;[unknown];[unknown];[unknown];[unknown];[unknown],153157945
main;recurseImpose;recurseImpose;recurseImpose;recurseImpose;recurseImpose;recurseImpose;recurseImpose;impose;copyM;alloc__anon_3241;allocAdvancedWithRetAddr;allocWithSizeAndAlignment__anon_25881;allocBytesWithAlignment__anon_11965;rawAlloc;alloc,435921856
main;recurseImpose;recurseImpose;recurseImpose;recurseImpose;recurseImpose;recurseImpose;recurseImpose;impose;copyM;alloc__anon_3241;allocAdvancedWithRetAddr;allocWithSizeAndAlignment__anon_25881;allocBytesWithAlignment__anon_11965;rawAlloc;alloc;alignedIndex;forward,539375361
main;recurseImpose;recurseImpose;recurseImpose;recurseImpose;recurseImpose;recurseImpose;recurseImpose;impose;copyM;alloc__anon_3246;allocAdvancedWithRetAddr;allocWithSizeAndAlignment__anon_26859;allocBytesWithAlignment__anon_26870,56222334
main;recurseImpose;recurseImpose;recurseImpose;recurseImpose;recurseImpose;recurseImpose;recurseImpose;impose;copyM;alloc__anon_3246;allocAdvancedWithRetAddr;allocWithSizeAndAlignment__anon_26859;allocBytesWithAlignment__anon_26870;alloc,43841764
main;recurseImpose;recurseImpose;recurseImpose;recurseImpose;recurseImpose;recurseImpose;recurseImpose;impose;copyM;alloc__anon_3246;allocAdvancedWithRetAddr;allocWithSizeAndAlignment__anon_26859;allocBytesWithAlignment__anon_26870;alloc;alignedIndex;forward,4269800576
main;recurseImpose;recurseImpose;recurseImpose;recurseImpose;recurseImpose;recurseImpose;recurseImpose;impose;countVal,909627218
main;recurseImpose;recurseImpose;recurseImpose;recurseImpose;recurseImpose;recurseImpose;recurseImpose;impose;freeM,116025056
main;recurseImpose;recurseImpose;recurseImpose;recurseImpose;recurseImpose;recurseImpose;recurseImpose;impose;freeM;free__anon_3274,41820004
main;recurseImpose;recurseImpose;recurseImpose;recurseImpose;recurseImpose;recurseImpose;recurseImpose;impose;freeM;free__anon_3274;rawFree,13367277
main;recurseImpose;recurseImpose;recurseImpose;recurseImpose;recurseImpose;recurseImpose;recurseImpose;impose;freeM;free__anon_3274;rawFree;free,857209108
main;recurseImpose;recurseImpose;recurseImpose;recurseImpose;recurseImpose;recurseImpose;recurseImpose;recurseImpose;alloc,116387559
main;recurseImpose;recurseImpose;recurseImpose;recurseImpose;recurseImpose;recurseImpose;recurseImpose;recurseImpose;copyM;alloc__anon_3246;allocAdvancedWithRetAddr;allocWithSizeAndAlignment__anon_26859;allocBytesWithAlignment__anon_26870;alloc;alignedIndex;forward,42470820
main;recurseImpose;recurseImpose;recurseImpose;recurseImpose;recurseImpose;recurseImpose;recurseImpose;recurseImpose;free,119211642
main;recurseImpose;recurseImpose;recurseImpose;recurseImpose;recurseImpose;recurseImpose;recurseImpose;recurseImpose;heuristicFail;next,15146446
main;recurseImpose;recurseImpose;recurseImpose;recurseImpose;recurseImpose;recurseImpose;recurseImpose;recurseImpose;heuristicFail;next;walk,42845144
main;recurseImpose;recurseImpose;recurseImpose;recurseImpose;recurseImpose;recurseImpose;recurseImpose;recurseImpose;impose,948896461
main;recurseImpose;recurseImpose;recurseImpose;recurseImpose;recurseImpose;recurseImpose;recurseImpose;recurseImpose;impose;copyM,230871567
main;recurseImpose;recurseImpose;recurseImpose;recurseImpose;recurseImpose;recurseImpose;recurseImpose;recurseImpose;impose;copyM;[unknown],48797104
main;recurseImpose;recurseImpose;recurseImpose;recurseImpose;recurseImpose;recurseImpose;recurseImpose;recurseImpose;impose;copyM;[unknown];[unknown];[unknown],13428105
main;recurseImpose;recurseImpose;recurseImpose;recurseImpose;recurseImpose;recurseImpose;recurseImpose;recurseImpose;impose;copyM;[unknown];[unknown];[unknown];[unknown],32462130
main;recurseImpose;recurseImpose;recurseImpose;recurseImpose;recurseImpose;recurseImpose;recurseImpose;recurseImpose;impose;copyM;[unknown];[unknown];[unknown];[unknown];[unknown],57127818
main;recurseImpose;recurseImpose;recurseImpose;recurseImpose;recurseImpose;recurseImpose;recurseImpose;recurseImpose;impose;copyM;alloc__anon_3241;allocAdvancedWithRetAddr;allocWithSizeAndAlignment__anon_25881;allocBytesWithAlignment__anon_11965;rawAlloc;alloc,314109024
main;recurseImpose;recurseImpose;recurseImpose;recurseImpose;recurseImpose;recurseImpose;recurseImpose;recurseImpose;impose;copyM;alloc__anon_3241;allocAdvancedWithRetAddr;allocWithSizeAndAlignment__anon_25881;allocBytesWithAlignment__anon_11965;rawAlloc;alloc;alignedIndex;forward,429330986
main;recurseImpose;recurseImpose;recurseImpose;recurseImpose;recurseImpose;recurseImpose;recurseImpose;recurseImpose;impose;copyM;alloc__anon_3246;allocAdvancedWithRetAddr;allocWithSizeAndAlignment__anon_26859;allocBytesWithAlignment__anon_26870;alloc,90443580
main;recurseImpose;recurseImpose;recurseImpose;recurseImpose;recurseImpose;recurseImpose;recurseImpose;recurseImpose;impose;copyM;alloc__anon_3246;allocAdvancedWithRetAddr;allocWithSizeAndAlignment__anon_26859;allocBytesWithAlignment__anon_26870;alloc;alignedIndex;forward,5961176369
main;recurseImpose;recurseImpose;recurseImpose;recurseImpose;recurseImpose;recurseImpose;recurseImpose;recurseImpose;impose;copyM;alloc__anon_3246;allocAdvancedWithRetAddr;allocWithSizeAndAlignment__anon_26859;allocBytesWithAlignment__anon_26870;alloc;loadFirstNode,130
main;recurseImpose;recurseImpose;recurseImpose;recurseImpose;recurseImpose;recurseImpose;recurseImpose;recurseImpose;impose;copyM;alloc__anon_3246;allocAdvancedWithRetAddr;allocWithSizeAndAlignment__anon_26859;allocBytesWithAlignment__anon_26870;alloc;toByteUnits,17327938
main;recurseImpose;recurseImpose;recurseImpose;recurseImpose;recurseImpose;recurseImpose;recurseImpose;recurseImpose;impose;copyM;alloc__anon_3246;allocAdvancedWithRetAddr;allocWithSizeAndAlignment__anon_26859;mul__anon_11959,29890345
main;recurseImpose;recurseImpose;recurseImpose;recurseImpose;recurseImpose;recurseImpose;recurseImpose;recurseImpose;impose;countVal,1531518900
main;recurseImpose;recurseImpose;recurseImpose;recurseImpose;recurseImpose;recurseImpose;recurseImpose;recurseImpose;impose;countVal;[unknown];[unknown];[unknown];[unknown];[unknown];[unknown],14586486
main;recurseImpose;recurseImpose;recurseImpose;recurseImpose;recurseImpose;recurseImpose;recurseImpose;recurseImpose;impose;findNoneZero,41559364
main;recurseImpose;recurseImpose;recurseImpose;recurseImpose;recurseImpose;recurseImpose;recurseImpose;recurseImpose;impose;freeM,120318681
main;recurseImpose;recurseImpose;recurseImpose;recurseImpose;recurseImpose;recurseImpose;recurseImpose;recurseImpose;impose;freeM;free__anon_3274,69746011
main;recurseImpose;recurseImpose;recurseImpose;recurseImpose;recurseImpose;recurseImpose;recurseImpose;recurseImpose;impose;freeM;free__anon_3274;rawFree,83270271
main;recurseImpose;recurseImpose;recurseImpose;recurseImpose;recurseImpose;recurseImpose;recurseImpose;recurseImpose;impose;freeM;free__anon_3274;rawFree;free,930236133
main;recurseImpose;recurseImpose;recurseImpose;recurseImpose;recurseImpose;recurseImpose;recurseImpose;recurseImpose;recurseImpose,16747901
main;recurseImpose;recurseImpose;recurseImpose;recurseImpose;recurseImpose;recurseImpose;recurseImpose;recurseImpose;recurseImpose;alloc,121
main;recurseImpose;recurseImpose;recurseImpose;recurseImpose;recurseImpose;recurseImpose;recurseImpose;recurseImpose;recurseImpose;free,42576190
main;recurseImpose;recurseImpose;recurseImpose;recurseImpose;recurseImpose;recurseImpose;recurseImpose;recurseImpose;recurseImpose;impose,311843101
main;recurseImpose;recurseImpose;recurseImpose;recurseImpose;recurseImpose;recurseImpose;recurseImpose;recurseImpose;recurseImpose;impose;copyM,116588885
main;recurseImpose;recurseImpose;recurseImpose;recurseImpose;recurseImpose;recurseImpose;recurseImpose;recurseImpose;recurseImpose;impose;copyM;[unknown],33294392
main;recurseImpose;recurseImpose;recurseImpose;recurseImpose;recurseImpose;recurseImpose;recurseImpose;recurseImpose;recurseImpose;impose;copyM;[unknown];[unknown];[unknown],17858340
main;recurseImpose;recurseImpose;recurseImpose;recurseImpose;recurseImpose;recurseImpose;recurseImpose;recurseImpose;recurseImpose;impose;copyM;[unknown];[unknown];[unknown];[unknown],56203950
main;recurseImpose;recurseImpose;recurseImpose;recurseImpose;recurseImpose;recurseImpose;recurseImpose;recurseImpose;recurseImpose;impose;copyM;[unknown];[unknown];[unknown];[unknown];[unknown],64504454
main;recurseImpose;recurseImpose;recurseImpose;recurseImpose;recurseImpose;recurseImpose;recurseImpose;recurseImpose;recurseImpose;impose;copyM;alloc__anon_3241;allocAdvancedWithRetAddr;allocWithSizeAndAlignment__anon_25881;allocBytesWithAlignment__anon_11965;rawAlloc;alloc,138633274
main;recurseImpose;recurseImpose;recurseImpose;recurseImpose;recurseImpose;recurseImpose;recurseImpose;recurseImpose;recurseImpose;impose;copyM;alloc__anon_3241;allocAdvancedWithRetAddr;allocWithSizeAndAlignment__anon_25881;allocBytesWithAlignment__anon_11965;rawAlloc;alloc;alignedIndex;forward,463901633
main;recurseImpose;recurseImpose;recurseImpose;recurseImpose;recurseImpose;recurseImpose;recurseImpose;recurseImpose;recurseImpose;impose;copyM;alloc__anon_3246;allocAdvancedWithRetAddr;allocWithSizeAndAlignment__anon_26859,132
main;recurseImpose;recurseImpose;recurseImpose;recurseImpose;recurseImpose;recurseImpose;recurseImpose;recurseImpose;recurseImpose;impose;copyM;alloc__anon_3246;allocAdvancedWithRetAddr;allocWithSizeAndAlignment__anon_26859;allocBytesWithAlignment__anon_26870,42915991
main;recurseImpose;recurseImpose;recurseImpose;recurseImpose;recurseImpose;recurseImpose;recurseImpose;recurseImpose;recurseImpose;impose;copyM;alloc__anon_3246;allocAdvancedWithRetAddr;allocWithSizeAndAlignment__anon_26859;allocBytesWithAlignment__anon_26870;alloc,49182
main;recurseImpose;recurseImpose;recurseImpose;recurseImpose;recurseImpose;recurseImpose;recurseImpose;recurseImpose;recurseImpose;impose;copyM;alloc__anon_3246;allocAdvancedWithRetAddr;allocWithSizeAndAlignment__anon_26859;allocBytesWithAlignment__anon_26870;alloc;alignedIndex;forward,2577189332
main;recurseImpose;recurseImpose;recurseImpose;recurseImpose;recurseImpose;recurseImpose;recurseImpose;recurseImpose;recurseImpose;impose;countVal,973840235
main;recurseImpose;recurseImpose;recurseImpose;recurseImpose;recurseImpose;recurseImpose;recurseImpose;recurseImpose;recurseImpose;impose;countVal;[unknown],19297
main;recurseImpose;recurseImpose;recurseImpose;recurseImpose;recurseImpose;recurseImpose;recurseImpose;recurseImpose;recurseImpose;impose;freeM,32545736
main;recurseImpose;recurseImpose;recurseImpose;recurseImpose;recurseImpose;recurseImpose;recurseImpose;recurseImpose;recurseImpose;impose;freeM;free__anon_3274,42654250
main;recurseImpose;recurseImpose;recurseImpose;recurseImpose;recurseImpose;recurseImpose;recurseImpose;recurseImpose;recurseImpose;impose;freeM;free__anon_3274;rawFree,15501304
main;recurseImpose;recurseImpose;recurseImpose;recurseImpose;recurseImpose;recurseImpose;recurseImpose;recurseImpose;recurseImpose;impose;freeM;free__anon_3274;rawFree;free,660303487
main;recurseImpose;recurseImpose;recurseImpose;recurseImpose;recurseImpose;recurseImpose;recurseImpose;recurseImpose;recurseImpose;recurseImpose;impose,39731503
main;recurseImpose;recurseImpose;recurseImpose;recurseImpose;recurseImpose;recurseImpose;recurseImpose;recurseImpose;recurseImpose;recurseImpose;impose;copyM,3
main;recurseImpose;recurseImpose;recurseImpose;recurseImpose;recurseImpose;recurseImpose;recurseImpose;recurseImpose;recurseImpose;recurseImpose;impose;copyM;[unknown];[unknown];[unknown];[unknown];[unknown],38587842
main;recurseImpose;recurseImpose;recurseImpose;recurseImpose;recurseImpose;recurseImpose;recurseImpose;recurseImpose;recurseImpose;recurseImpose;impose;copyM;alloc__anon_3246;allocAdvancedWithRetAddr;allocWithSizeAndAlignment__anon_26859;allocBytesWithAlignment__anon_26870;alloc;alignedIndex;forward,183198736
main;recurseImpose;recurseImpose;recurseImpose;recurseImpose;recurseImpose;recurseImpose;recurseImpose;recurseImpose;recurseImpose;recurseImpose;impose;countVal,127430584
main;recurseImpose;recurseImpose;recurseImpose;recurseImpose;recurseImpose;recurseImpose;recurseImpose;recurseImpose;recurseImpose;recurseImpose;impose;freeM;free__anon_3274;rawFree;free,102117756
main;recurseImpose;recurseImpose;recurseImpose;recurseImpose;recurseImpose;recurseImpose;recurseImpose;recurseImpose;recurseImpose;recurseImpose;recurseImpose;impose,14062507
main;recurseImpose;recurseImpose;recurseImpose;recurseImpose;recurseImpose;recurseImpose;recurseImpose;recurseImpose;recurseImpose;recurseImpose;recurseImpose;impose;copyM,18426415
main;recurseImpose;recurseImpose;recurseImpose;recurseImpose;recurseImpose;recurseImpose;recurseImpose;recurseImpose;recurseImpose;recurseImpose;recurseImpose;impose;copyM;alloc__anon_3241;allocAdvancedWithRetAddr;allocWithSizeAndAlignment__anon_25881;allocBytesWithAlignment__anon_11965;rawAlloc;alloc,42780319
main;recurseImpose;recurseImpose;recurseImpose;recurseImpose;recurseImpose;recurseImpose;recurseImpose;recurseImpose;recurseImpose;recurseImpose;recurseImpose;impose;copyM;alloc__anon_3246;allocAdvancedWithRetAddr;allocWithSizeAndAlignment__anon_26859;allocBytesWithAlignment__anon_26870;alloc;alignedIndex;forward,226500381
main;recurseImpose;recurseImpose;recurseImpose;recurseImpose;recurseImpose;recurseImpose;recurseImpose;recurseImpose;recurseImpose;recurseImpose;recurseImpose;impose;countVal,56868061